vehicle_id,vehicle_number,vehicle_type,make,model,model_year,capacity_lbs,capacity_cubic_feet,fuel_type,fuel_efficiency_mpg,maintenance_interval_miles,current_mileage,last_maintenance_date,next_maintenance_date,vehicle_status,assigned_driver_id,insurance_expiry,registration_expiry,purchase_date,purchase_price,current_value,created_at,updated_at,_loaded_at
VH0001,VH0001,Semi-Trailer,Volvo,Model 185,2017,81445.27665999999,1304.6309620999998,Petrol,15.175096774193548,39402,120828.076434,2025-08-04,2025-12-09,ACTIVE,Michael Wheeler,2026-07-26,2026-02-05,2021-06-27,39496.72609092493,10504.005133753806,2022-04-04 19:44:22.434211,2024-11-18 22:25:15.383161,2025-09-20 05:04:55.000429
VH0002,VH0002,Van,Scania,Model 459,2019,3439.2072,55.090931999999995,Diesel,17.04449275362319,29652,216166.271706,2025-09-13,2025-10-30,ACTIVE,Robert Gomez,2026-09-19,2026-08-13,2020-08-02,74779.89880865559,47669.478788345805,2023-10-07 04:37:46.045691,2025-01-13 07:29:18.899356,2025-09-20 00:07:38.230782
VH0003,VH0003,Van,Isuzu,Model 290,2017,5498.322279999999,88.0748618,Electric,13.067444444444444,39496,37619.043082000004,2025-07-04,2025-11-23,ACTIVE,Shannon Williams,2026-03-15,2026-01-27,2020-10-25,94534.76725488539,32832.77921315697,2021-01-14 10:03:01.915262,2025-05-05 14:26:12.686345,2025-09-20 00:26:25.738084
VH0004,VH0004,Van,Iveco,Model 797,2018,3593.5305999999996,57.562960999999994,Petrol,11.362995169082126,26341,271527.942322,2025-09-17,2025-10-08,ACTIVE,Jennifer Haas,2026-05-18,2026-09-09,2023-02-22,78891.08233342957,27724.341895730402,2021-07-04 01:47:59.918030,2024-09-25 09:57:22.715204,2025-09-20 12:16:14.163295
VH0005,VH0005,Small Truck,MAN,Model 331,2024,12310.59808,197.19728479999998,Petrol,18.66777777777778,39527,95971.372321,2025-08-23,2025-09-25,ACTIVE,Kendra Hayden,2025-11-26,2026-08-30,2024-11-04,81951.45972084194,25215.275954649776,2020-11-14 04:34:07.669223,2024-09-29 07:45:11.495360,2025-09-20 16:53:53.998817
VH0006,VH0006,Large Truck,Volvo,Model 457,2020,53971.30222,864.5391706999999,Hybrid,10.643167420814478,37299,254890.112426,2025-09-06,2025-10-31,ACTIVE,April Taylor,2025-10-28,2026-05-18,2021-05-26,29813.96624024091,41448.699816004504,2023-11-25 14:43:49.873404,2024-11-17 17:17:02.483837,2025-09-20 13:06:33.248101
VH0007,VH0007,Semi-Trailer,Ford,Model 544,2024,62723.643619999995,1004.7385297,Electric,12.379684210526316,44790,253254.042583,2025-07-22,2025-12-08,ACTIVE,Marissa Johnson,2026-09-06,2026-06-23,2024-11-20,60875.01889773526,83919.86376155852,2022-12-30 21:18:35.276892,2025-03-11 21:36:28.185260,2025-09-20 11:13:42.859042
VH0008,VH0008,Medium Truck,Iveco,Model 315,2016,26905.182479999996,430.9805988,Electric,20.103760683760687,13117,116046.005218,2025-09-01,2025-11-16,ACTIVE,Jason Sanchez,2025-09-26,2026-02-28,2022-02-24,97076.99138681403,56284.55572622028,2023-11-29 03:30:49.885418,2024-11-03 16:55:52.188326,2025-09-19 23:51:16.336712
VH0009,VH0009,Small Truck,Volvo,Model 481,2022,17211.46834,275.7018629,Hybrid,12.250729166666668,37504,42096.021137,2025-07-07,2025-12-16,ACTIVE,Shannon Williams,2026-04-04,2025-12-05,2024-07-21,105508.56912903779,75683.23632228826,2020-11-02 06:35:05.921417,2024-11-21 15:25:14.246787,2025-09-20 09:58:02.704137
VH0010,VH0010,Small Truck,Volvo,Model 444,2021,15200.854899999998,243.49485649999997,Diesel,21.001250000000002,33818,147698.022587,2025-06-29,2025-12-06,ACTIVE,Jennifer Goodwin,2025-12-28,2026-08-10,2025-02-20,40384.10732021646,67383.45187834483,2025-08-06 22:57:27.344033,2024-10-04 10:16:44.043081,2025-09-19 22:48:17.199458
VH0011,VH0011,Semi-Trailer,Scania,Model 811,2022,76555.4295,1226.3029574999998,Hybrid,11.530098039215687,31036,185347.512848,2025-09-19,2025-11-12,ACTIVE,Jessica Howe,2026-06-09,2025-12-10,2024-03-09,117632.38914139908,43987.10999113915,2022-12-16 18:57:26.075248,2025-05-24 01:25:25.787736,2025-09-20 00:34:40.513500
VH0012,VH0012,Large Truck,Mercedes,Model 881,2019,34517.73534,552.9222579,Diesel,15.474605263157896,15121,283243.27115600003,2025-07-17,2025-11-24,ACTIVE,Ricky Dunn,2025-12-07,2026-08-11,2024-09-27,24845.71364548355,13622.341872325027,2021-01-17 04:35:10.370494,2025-01-03 21:04:37.788896,2025-09-19 23:54:38.953295
VH0013,VH0013,Small Truck,Ford,Model 636,2019,17392.24718,278.59766829999995,Petrol,9.719586776859504,32059,216105.998719,2025-07-14,2025-10-19,ACTIVE,Samantha Ortiz,2025-10-02,2025-11-11,2024-02-19,21706.306593249996,15816.98736754006,2020-11-06 19:44:16.127125,2024-09-26 10:47:37.457714,2025-09-20 02:25:43.774692
VH0014,VH0014,Van,Iveco,Model 244,2019,5782.71826,92.6304581,Electric,14.886962025316455,20978,84932.716506,2025-09-10,2025-11-12,ACTIVE,Nicholas Sullivan,2025-09-28,2026-04-12,2023-03-13,30488.97106607331,66384.43812694216,2025-06-07 18:43:14.737570,2025-03-01 23:55:33.782436,2025-09-20 11:07:28.048860
VH0015,VH0015,Medium Truck,Mercedes,Model 978,2016,20970.345439999997,335.9134264,Petrol,15.273636363636363,27444,266974.535634,2025-08-12,2025-09-20,ACTIVE,Susan Brooks,2026-06-14,2026-01-06,2018-01-21,44748.39227552437,98220.69983721254,2023-04-07 12:39:22.336130,2024-10-03 04:15:33.930675,2025-09-20 18:23:07.906039
VH0016,VH0016,Large Truck,Isuzu,Model 582,2017,45518.78913999999,729.1426108999999,Hybrid,11.819798994974875,29329,184934.92250400002,2025-06-25,2025-11-01,ACTIVE,Amber Vasquez PhD,2026-09-11,2026-06-09,2025-07-24,30647.126523384362,22015.22125108257,2025-03-05 10:47:11.816485,2025-08-15 01:17:24.189445,2025-09-20 05:59:14.331553
VH0017,VH0017,Van,Volvo,Model 881,2021,2784.43506,44.602466099999994,Petrol,15.892837837837837,15286,137633.6765,2025-06-25,2025-11-06,ACTIVE,Sarah Moreno,2026-06-10,2025-10-29,2024-10-16,50146.294894678715,23059.45346122343,2021-06-12 00:54:41.580013,2024-12-28 13:09:08.890201,2025-09-19 19:42:59.559918
VH0018,VH0018,Large Truck,Volvo,Model 600,2023,35657.52387999999,571.1799578,Diesel,19.933389830508474,19424,229310.75384,2025-09-01,2025-12-02,ACTIVE,Angel Suarez,2026-04-27,2026-04-06,2024-09-04,38902.81069283752,97316.18938831183,2021-09-10 12:03:16.190883,2025-09-17 23:38:27.422202,2025-09-20 09:31:03.878188
VH0019,VH0019,Van,Iveco,Model 507,2024,4909.68874,78.64583689999999,Diesel,12.379684210526316,14217,76051.460803,2025-07-13,2025-11-09,ACTIVE,Sharon Hernandez,2025-12-14,2026-06-15,2025-03-03,103768.19797098768,74724.95432736454,2025-06-15 18:46:26.337586,2025-01-26 20:56:13.060266,2025-09-20 12:55:55.804922
VH0020,VH0020,Large Truck,Mercedes,Model 391,2017,48444.319879999995,776.0052178,Electric,16.11054794520548,30575,298620.960664,2025-08-26,2025-12-14,ACTIVE,Daniel Franco,2026-04-01,2025-12-08,2017-10-26,118999.26455166683,70592.6168897331,2024-02-02 00:39:12.330180,2024-11-02 07:49:34.615379,2025-09-20 02:25:58.064666
VH0021,VH0021,Large Truck,MAN,Model 925,2023,36911.952659999995,591.2740220999999,Diesel,16.921870503597123,35255,269755.79223,2025-07-18,2025-11-17,ACTIVE,Zachary Washington,2026-07-01,2025-10-24,2023-12-26,25449.709054017727,61004.221447534655,2023-04-06 21:57:58.097425,2025-06-24 04:13:18.600534,2025-09-20 10:26:30.033831
VH0022,VH0022,Medium Truck,Scania,Model 493,2017,28014.10634,448.7438929,Hybrid,28.684634146341466,20592,244067.07234800002,2025-08-04,2025-10-17,ACTIVE,Jesse Marshall,2026-07-28,2025-12-17,2018-06-12,54813.379029096184,27473.84187549176,2023-07-16 00:36:25.905721,2025-04-30 13:45:58.112766,2025-09-20 17:36:36.577085
VH0023,VH0023,Medium Truck,Iveco,Model 921,2016,28536.60128,457.11347679999994,Hybrid,14.25539393939394,15672,285501.33337,2025-09-07,2025-11-26,ACTIVE,Sabrina Parrish,2026-02-20,2026-07-19,2023-01-18,23763.913832962662,11156.40439148335,2024-10-02 06:19:55.258519,2025-06-23 06:01:13.224514,2025-09-20 15:18:25.404914
VH0024,VH0024,Small Truck,Iveco,Model 492,2021,16214.980099999999,259.7396185,Diesel,22.19,24003,140892.767395,2025-08-01,2025-11-28,ACTIVE,Kimberly Bray,2026-06-03,2026-06-26,2021-10-25,124257.8852150794,15812.030924270512,2025-03-27 17:06:42.547228,2025-07-20 04:37:14.263863,2025-09-20 09:56:28.598596
VH0025,VH0025,Semi-Trailer,Isuzu,Model 575,2022,70823.4175,1134.4847375,Electric,27.03609195402299,16249,190575.728442,2025-07-28,2025-11-30,ACTIVE,Chelsea Stephens,2025-10-31,2026-08-08,2025-05-05,41925.790749858505,64992.1383081939,2025-05-28 17:51:05.421450,2024-11-04 08:30:18.654055,2025-09-20 07:40:18.757483
VH0026,VH0026,Large Truck,Iveco,Model 938,2020,43766.116239999996,701.0674243999999,Diesel,13.675232558139536,42056,89294.119555,2025-08-02,2025-11-16,ACTIVE,Caitlin Taylor,2026-04-28,2026-05-13,2022-07-27,147469.44723259093,14889.99821764175,2021-01-11 17:38:57.655223,2025-09-15 01:56:26.315635,2025-09-19 22:27:52.395231
VH0027,VH0027,Van,Volvo,Model 849,2024,2707.2733599999997,43.3664516,Diesel,13.836117647058824,11235,160145.94783,2025-06-28,2025-12-09,ACTIVE,Richard Nelson,2026-05-04,2026-01-03,2025-07-30,102942.212795806,58324.965670866986,2023-06-08 01:43:47.586188,2025-07-15 01:37:52.955642,2025-09-20 04:38:45.907242
VH0028,VH0028,Large Truck,Volvo,Model 569,2021,42990.09,688.6366499999999,Petrol,9.966694915254237,39663,303065.627427,2025-06-24,2025-10-28,ACTIVE,Erin Brown,2026-08-11,2026-08-21,2023-01-19,136012.823268586,13680.56778691667,2025-05-25 02:27:47.072990,2025-06-10 22:12:14.692463,2025-09-20 04:27:34.664530
VH0029,VH0029,Medium Truck,Mercedes,Model 723,2020,18327.00606,293.57110109999996,Diesel,16.221655172413794,25446,267387.125978,2025-09-15,2025-11-07,ACTIVE,Adam Le,2026-05-19,2026-05-04,2022-01-24,82928.26934882549,75464.95699044375,2025-07-25 20:17:28.500632,2025-01-24 13:26:50.443539,2025-09-20 15:35:48.451749
VH0030,VH0030,Van,Ford,Model 363,2017,6494.810519999999,104.0371062,Diesel,10.595225225225226,25157,172271.381524,2025-08-31,2025-09-27,ACTIVE,Jacqueline Rodriguez,2026-03-04,2026-02-04,2024-01-28,129192.43582402679,54171.80640763317,2022-02-22 09:13:36.446940,2025-05-16 20:22:43.933779,2025-09-20 14:41:03.205771
VH0031,VH0031,Semi-Trailer,Iveco,Model 912,2023,74588.90845999999,1194.8022451,Petrol,11.87949494949495,48614,46976.268971,2025-08-27,2025-09-24,ACTIVE,Jessica Brooks,2026-07-19,2025-11-28,2025-06-24,21189.201097420148,83252.44229900718,2022-03-23 18:40:02.008244,2025-02-14 09:55:10.455758,2025-09-20 05:24:58.230248
VH0032,VH0032,Small Truck,Ford,Model 146,2019,15670.43896,251.0168876,Hybrid,10.009106382978723,23522,252013.164696,2025-08-21,2025-12-08,ACTIVE,Deborah Conner,2025-10-13,2026-06-21,2025-05-23,24617.78280613447,52262.89620684176,2023-11-25 12:07:27.683073,2025-07-26 08:51:04.505243,2025-09-20 04:34:24.179349
VH0033,VH0033,Small Truck,MAN,Model 713,2019,11435.36394,183.1773489,Electric,24.248865979381446,42545,104310.792512,2025-07-24,2025-11-14,ACTIVE,Julie Lee,2025-10-26,2026-04-25,2020-05-20,69756.73349612663,79134.87518229296,2022-04-11 05:28:05.989968,2025-02-02 00:01:36.445006,2025-09-20 17:26:49.679401
VH0034,VH0034,Semi-Trailer,MAN,Model 750,2022,76350.39984,1223.0186904,Electric,13.675232558139536,33461,186008.651592,2025-07-07,2025-11-09,ACTIVE,John Welch,2026-02-06,2026-05-27,2023-10-25,116360.75843964197,99877.3377843026,2024-02-26 10:18:31.825032,2024-12-17 11:28:00.812329,2025-09-20 13:19:18.448048
VH0035,VH0035,Large Truck,Iveco,Model 860,2017,49753.86416,796.9821496,Hybrid,20.27706896551724,11140,258371.654139,2025-08-24,2025-10-08,ACTIVE,Catherine Reid,2026-05-22,2026-04-20,2018-04-03,124073.51768575374,30993.385588354886,2024-11-15 13:21:42.883377,2025-04-11 09:21:13.209773,2025-09-20 05:59:24.035048
VH0036,VH0036,Semi-Trailer,MAN,Model 674,2016,77920.08928,1248.1627568,Electric,25.022765957446808,40393,274753.479183,2025-07-13,2025-09-30,ACTIVE,Roger Hunt,2026-05-29,2026-08-03,2025-07-20,71776.52868728773,64333.30367642214,2022-01-12 07:32:31.123279,2025-09-03 14:19:11.368152,2025-09-20 16:44:56.568464
VH0037,VH0037,Large Truck,Scania,Model 698,2015,38699.89948,619.9142438,Petrol,12.645913978494622,11141,215097.51358600002,2025-09-14,2025-11-11,MAINTENANCE,Briana Kirby,2026-06-24,2026-03-17,2020-07-02,48478.836860652824,50880.62990510309,2024-03-21 06:21:33.064392,2024-12-29 03:18:37.758943,2025-09-20 06:55:51.407494
VH0038,VH0038,Semi-Trailer,MAN,Model 650,2022,63592.26389999999,1018.6525214999999,Petrol,16.334305555555556,33156,307870.68937,2025-07-10,2025-11-26,ACTIVE,Marcia Castillo,2026-08-09,2025-11-25,2025-08-06,104091.02417866772,80431.68266485249,2021-08-15 20:01:18.736822,2025-05-22 22:29:02.986198,2025-09-19 21:46:23.126830
VH0039,VH0039,Medium Truck,Iveco,Model 896,2017,20509.579859999998,328.5326541,Hybrid,13.518045977011495,31626,145750.02450200001,2025-07-23,2025-10-14,ACTIVE,Tiffany Dunn,2026-02-24,2025-11-20,2019-07-10,54690.289758145875,74771.72906500635,2025-09-12 04:55:48.651837,2025-05-10 16:02:58.971251,2025-09-20 15:18:43.153904
VH0040,VH0040,Medium Truck,Ford,Model 748,2016,29632.29742,474.66488269999996,Electric,14.25539393939394,13109,204547.255377,2025-07-16,2025-09-25,ACTIVE,Ronald Gardner,2025-10-23,2026-06-27,2022-11-03,146211.2688929375,89214.78359817548,2021-08-05 06:11:54.122151,2025-01-22 00:34:59.667573,2025-09-20 07:07:20.896672
VH0041,VH0041,Large Truck,MAN,Model 395,2017,39484.744199999994,632.486277,Diesel,13.755204678362572,24511,139895.46694,2025-08-04,2025-11-06,ACTIVE,Amy Harris,2026-04-06,2026-01-27,2020-06-24,66505.90097050517,48826.492137887464,2021-06-11 09:24:20.128912,2024-09-27 01:13:29.425603,2025-09-20 00:55:31.356165
VH0042,VH0042,Semi-Trailer,MAN,Model 293,2021,70221.55623999999,1124.8438244,Diesel,12.714270270270271,47146,76211.774521,2025-08-24,2025-11-20,ACTIVE,Karen Howard,2025-10-01,2025-10-08,2022-03-18,87907.821406833,96831.45339823693,2022-10-11 11:07:58.145020,2025-06-24 21:34:12.119365,2025-09-20 17:41:05.183769
VH0043,VH0043,Large Truck,Scania,Model 355,2015,44808.90149999999,717.7712775,Petrol,13.288926553672317,18196,184806.920078,2025-07-18,2025-11-14,MAINTENANCE,Lisa Beard,2026-07-18,2026-07-23,2021-01-17,46336.525068681716,15302.104434240258,2025-06-27 09:50:56.661543,2025-02-04 18:03:13.827906,2025-09-19 23:53:13.339208
VH0044,VH0044,Large Truck,Iveco,Model 297,2023,51537.401739999994,825.5517418999999,Petrol,14.886962025316455,45731,266624.703761,2025-09-15,2025-12-01,ACTIVE,Jeremy Daniels,2025-11-26,2025-11-21,2025-04-26,39054.86993581585,18005.268191297266,2022-11-04 19:03:55.973341,2025-02-08 22:42:25.781510,2025-09-20 06:44:23.273248
VH0045,VH0045,Medium Truck,Isuzu,Model 131,2017,22928.048,367.27288,Petrol,13.214269662921348,47983,180662.996879,2025-06-27,2025-12-09,ACTIVE,Juan Campbell,2026-01-17,2026-01-28,2025-03-31,80560.71057835934,66140.8304774735,2023-10-28 01:38:22.451746,2025-06-27 04:50:21.019058,2025-09-19 18:51:41.687469
VH0046,VH0046,Large Truck,Iveco,Model 718,2023,37083.91302,594.0285686999999,Electric,10.316403508771929,12547,82953.649871,2025-06-29,2025-12-09,ACTIVE,Andrew Stephens,2026-01-18,2026-04-24,2024-08-19,131204.88567721122,71445.64603762397,2021-12-20 12:20:48.972010,2025-02-18 23:57:52.985507,2025-09-19 19:46:15.965891
VH0047,VH0047,Large Truck,Iveco,Model 494,2023,50051.487859999994,801.7496341,Diesel,11.042910798122065,40449,115780.05843,2025-09-16,2025-09-29,ACTIVE,Scott Davis MD,2026-08-10,2025-10-20,2024-04-17,90089.02961176891,60195.94508835028,2023-07-03 10:19:01.554776,2025-09-03 01:33:57.623494,2025-09-20 11:42:08.209408
VH0048,VH0048,Semi-Trailer,MAN,Model 947,2015,70953.49007999999,1136.5683047999999,Diesel,18.093384615384615,30036,160856.79625400002,2025-08-23,2025-11-03,MAINTENANCE,Brenda Hall,2025-10-01,2026-09-15,2018-06-24,114723.02052234908,92965.85468911899,2024-08-22 14:29:20.218297,2025-03-28 16:06:59.291736,2025-09-19 23:55:50.369152
VH0049,VH0049,Semi-Trailer,Iveco,Model 227,2022,70594.13702,1130.8120087,Diesel,22.401333333333334,23825,116584.733875,2025-08-07,2025-11-15,ACTIVE,Sharon Luna,2026-05-01,2025-09-22,2025-05-05,36252.79209967804,72908.91142755002,2021-04-27 10:11:19.680907,2024-12-12 17:47:59.971287,2025-09-20 09:38:21.019379
VH0050,VH0050,Medium Truck,Volvo,Model 245,2021,29493.406359999997,472.4400566,Petrol,10.940186046511627,22965,99509.458795,2025-09-17,2025-11-07,ACTIVE,Rhonda Porter,2026-01-18,2026-06-04,2022-11-22,97309.05873193343,78460.38560338443,2024-04-12 15:57:42.321154,2025-09-18 15:17:23.504062,2025-09-20 05:04:53.103661
VH0051,VH0051,Large Truck,Volvo,Model 402,2018,42458.77658,680.1258072999999,Hybrid,17.29514705882353,13001,177790.398746,2025-07-23,2025-10-29,ACTIVE,Megan Hayes,2026-03-03,2025-12-10,2019-08-23,40012.42497405183,89772.72470146137,2024-06-06 07:56:05.046538,2025-06-23 22:32:19.943266,2025-09-20 08:20:45.628630
VH0052,VH0052,Small Truck,Isuzu,Model 326,2023,11821.172439999998,189.3574214,Electric,13.364431818181817,46330,263609.190298,2025-07-18,2025-09-25,ACTIVE,Natalie Holder,2025-10-19,2026-05-10,2025-01-03,113909.05890295345,62220.58565979374,2023-11-04 15:08:57.123683,2025-05-19 12:04:21.464099,2025-09-20 18:43:13.063688
VH0053,VH0053,Large Truck,Mercedes,Model 861,2022,43719.81922,700.3258156999999,Petrol,22.401333333333334,45593,126303.59768600001,2025-07-12,2025-12-14,ACTIVE,Heather Gray,2026-08-16,2025-11-01,2025-05-02,50127.65512483554,13514.688600496353,2024-11-01 21:32:13.177094,2025-03-17 17:06:15.274521,2025-09-20 03:18:57.864702
VH0054,VH0054,Semi-Trailer,Scania,Model 112,2019,60472.726599999995,968.6822209999999,Electric,16.564366197183098,46437,196755.884408,2025-07-29,2025-10-20,ACTIVE,Megan Johns,2026-08-14,2025-12-17,2023-08-03,112066.40153807675,74617.26476052043,2024-02-28 04:46:56.155155,2025-01-11 13:23:39.050502,2025-09-20 02:16:02.096366
VH0055,VH0055,Small Truck,Scania,Model 973,2020,9426.955119999999,151.0056572,Electric,13.917988165680475,23018,154205.019699,2025-07-21,2025-11-12,ACTIVE,Jordan White,2025-09-23,2026-03-14,2023-12-13,143358.58532573353,11571.952657959378,2023-07-07 07:53:17.228533,2024-11-21 17:11:58.505393,2025-09-20 17:25:57.366054
VH0056,VH0056,Small Truck,Isuzu,Model 784,2022,13472.432819999998,215.8081317,Diesel,17.04449275362319,31802,131833.799586,2025-09-05,2025-10-30,ACTIVE,James Gregory,2026-05-19,2026-01-08,2024-10-22,45804.49736553768,39915.1193074233,2022-11-15 21:52:45.589396,2025-05-08 09:33:34.667517,2025-09-20 08:53:27.433138
VH0057,VH0057,Van,MAN,Model 570,2018,3813.9925999999996,61.09443099999999,Diesel,10.547713004484304,23493,306593.150594,2025-07-03,2025-11-30,ACTIVE,Susan Porter,2026-01-26,2026-03-19,2020-11-05,73841.70690789702,93628.51643782531,2023-04-22 23:27:28.498145,2024-10-15 01:36:49.806056,2025-09-20 13:34:24.465478
VH0058,VH0058,Medium Truck,Ford,Model 201,2015,24832.839679999997,397.78478079999996,Electric,14.169518072289156,33469,119508.28443,2025-07-15,2025-11-02,ACTIVE,Mr. Robert Levine,2026-01-17,2025-12-18,2017-06-08,97257.50840042911,24871.50183664274,2021-06-09 16:42:22.433562,2025-09-20 02:48:11.156399,2025-09-20 00:38:33.760773
VH0059,VH0059,Van,Scania,Model 353,2022,4761.9792,76.27975199999999,Petrol,18.968870967741935,13178,271959.795167,2025-08-30,2025-09-24,ACTIVE,Kathy Velez,2026-05-19,2026-01-25,2025-08-18,57283.190523692516,83055.36964496964,2024-09-17 17:12:41.806202,2025-09-07 06:38:58.257936,2025-09-20 05:59:36.728318
VH0060,VH0060,Large Truck,Scania,Model 372,2017,34522.14458,552.9928873,Electric,24.501458333333336,32009,92970.771762,2025-08-02,2025-10-04,ACTIVE,Jeffrey Fields,2025-09-25,2026-09-10,2020-07-17,55280.990240624,76077.07001992063,2024-01-08 05:32:59.791336,2025-09-07 19:34:46.667133,2025-09-20 14:21:31.806032
VH0061,VH0061,Medium Truck,Mercedes,Model 349,2015,21387.01862,342.58790469999997,Hybrid,14.793333333333333,13533,205988.836097,2025-08-25,2025-10-15,ACTIVE,Joshua Powers,2026-08-09,2026-05-02,2024-12-16,115248.03522649783,57028.30867692675,2022-10-03 01:21:12.543275,2025-07-13 12:50:55.233336,2025-09-19 19:15:50.040757
VH0062,VH0062,Large Truck,Isuzu,Model 587,2016,49030.748799999994,785.398928,Petrol,24.248865979381446,27977,223073.43174200002,2025-09-05,2025-11-21,ACTIVE,Deanna Henderson,2026-06-20,2025-11-07,2025-06-23,136118.06437339028,94628.35564127158,2022-05-03 15:40:30.013570,2024-10-17 11:02:04.335250,2025-09-20 12:48:29.588828
VH0063,VH0063,Van,Ford,Model 299,2022,5714.37504,91.53570239999999,Hybrid,9.446345381526104,43829,113082.065548,2025-07-05,2025-10-11,ACTIVE,Michael Thomas,2026-03-03,2026-03-17,2024-09-19,106343.37408647573,83362.55058502828,2024-04-26 09:21:41.980280,2025-06-01 10:41:14.942264,2025-09-20 08:26:24.396881
VH0064,VH0064,Semi-Trailer,Volvo,Model 760,2022,73687.21888,1180.3585328,Electric,18.81712,12557,204443.48642,2025-07-20,2025-10-01,ACTIVE,Stephen Cooper,2026-04-01,2025-12-15,2022-11-04,143952.79594148463,94377.05076149704,2022-10-12 21:01:01.873454,2025-08-20 19:03:17.451237,2025-09-20 15:12:10.036092
VH0065,VH0065,Large Truck,MAN,Model 106,2016,39647.88608,635.0995647999999,Electric,10.13853448275862,30998,197067.191279,2025-07-08,2025-11-09,ACTIVE,Benjamin Jones,2025-09-24,2025-10-02,2019-01-23,84705.72984271229,56623.24556724402,2022-07-29 20:30:52.039171,2025-02-17 14:27:40.897330,2025-09-20 06:41:15.575557
VH0066,VH0066,Medium Truck,Volvo,Model 753,2016,25639.7306,410.70996099999996,Petrol,20.815398230088494,45052,66484.211516,2025-07-20,2025-10-20,ACTIVE,Sarah Hensley,2026-09-18,2026-04-22,2017-01-11,145274.130956556,50991.73921576406,2022-03-05 12:03:50.096157,2025-01-26 15:34:16.540653,2025-09-20 03:25:04.749419
VH0067,VH0067,Semi-Trailer,Ford,Model 407,2022,58832.48931999999,942.4080842,Petrol,13.288926553672317,24786,81432.533663,2025-08-09,2025-10-04,ACTIVE,Margaret Herrera,2026-05-16,2026-09-05,2023-11-02,120944.56103383143,72138.80061051567,2025-03-02 07:22:26.648618,2025-01-04 01:39:13.844891,2025-09-19 18:52:59.051798
VH0068,VH0068,Small Truck,Volvo,Model 628,2024,9451.20594,151.3941189,Hybrid,12.314869109947644,49448,288024.721001,2025-09-12,2025-10-26,ACTIVE,Jennifer Griffin,2026-08-25,2026-02-06,2025-01-07,83866.21000544945,90196.26687601792,2022-09-16 02:05:28.801869,2025-09-10 10:59:17.044091,2025-09-20 07:24:03.407557
VH0069,VH0069,Medium Truck,Volvo,Model 441,2020,20253.84394,324.4361489,Electric,10.643167420814478,38475,133801.060172,2025-07-05,2025-10-31,ACTIVE,Kevin Blair,2026-04-23,2025-12-12,2023-03-20,128627.48006123722,70607.75708671902,2022-12-21 04:14:21.069396,2024-12-14 10:32:55.161391,2025-09-20 14:18:31.966545
VH0070,VH0070,Large Truck,Volvo,Model 761,2015,47833.640139999996,766.2230459,Petrol,9.561544715447154,43122,280955.383134,2025-06-22,2025-11-25,ACTIVE,Mary Marks,2026-06-26,2026-06-28,2018-12-02,36669.66126626427,47322.07429996453,2023-01-31 03:48:49.577800,2025-09-02 09:11:45.551766,2025-09-20 15:58:45.584672
VH0071,VH0071,Medium Truck,Volvo,Model 124,2019,32672.468399999998,523.363854,Electric,15.37346405228758,12756,155647.843161,2025-07-21,2025-11-22,ACTIVE,Tina Newman,2025-11-11,2025-11-27,2025-07-28,36575.483643641346,83936.41476411413,2023-12-06 04:58:04.934898,2024-10-24 05:01:07.956776,2025-09-20 10:22:47.728051
VH0072,VH0072,Semi-Trailer,Volvo,Model 209,2022,86048.52321999999,1378.3680557,Diesel,19.43917355371901,43908,137103.025666,2025-07-18,2025-12-13,ACTIVE,Megan Shelton,2025-11-06,2025-11-09,2024-02-21,85695.19162366904,17563.96567343763,2023-05-15 08:48:30.688138,2024-11-11 04:18:35.977897,2025-09-20 01:00:08.428821
VH0073,VH0073,Van,Ford,Model 598,2021,5308.72496,85.03779759999999,Petrol,18.37609375,19866,228719.208648,2025-08-12,2025-10-03,ACTIVE,Gary Shepard,2026-01-24,2026-05-17,2025-08-22,124685.74493348412,37625.49632519431,2022-05-23 17:09:06.535133,2025-08-26 16:58:22.362537,2025-09-20 15:49:31.662758
VH0074,VH0074,Semi-Trailer,Volvo,Model 213,2020,70940.26236,1136.3564165999999,Hybrid,22.83631067961165,16074,275344.403004,2025-09-11,2025-10-29,ACTIVE,Sara Smith,2025-12-25,2026-04-29,2023-07-18,95788.74106551161,67357.51111420739,2024-05-04 08:25:29.139294,2025-06-19 19:49:17.733405,2025-09-20 07:48:22.966521
VH0075,VH0075,Small Truck,Scania,Model 304,2024,12010.76976,192.3944856,Diesel,15.175096774193548,15724,137871.661593,2025-08-26,2025-12-10,ACTIVE,Anna Mccoy,2026-07-09,2026-08-15,2025-05-29,75356.3024103303,17205.203808275906,2025-05-08 04:39:59.951803,2025-02-27 01:51:58.012768,2025-09-19 20:56:41.127419
VH0076,VH0076,Medium Truck,Iveco,Model 888,2015,20172.272999999997,323.129505,Diesel,10.316403508771929,18875,258868.750939,2025-08-10,2025-10-17,ACTIVE,Ashley Miles,2026-05-13,2026-03-16,2017-02-10,110895.37485020557,92222.23368653917,2025-03-08 06:26:00.331397,2025-07-06 05:24:04.422473,2025-09-20 15:14:11.956948
VH0077,VH0077,Large Truck,Volvo,Model 579,2018,39718.433919999996,636.2296352,Petrol,14.886962025316455,45066,139556.198374,2025-09-05,2025-10-30,ACTIVE,Alexis Mayer,2025-12-23,2026-06-28,2021-07-12,136629.38161534892,14218.949329050305,2025-04-06 16:18:48.517579,2025-01-15 10:18:08.896724,2025-09-19 20:30:29.181489
VH0078,VH0078,Van,Ford,Model 520,2017,2742.54728,43.931486799999995,Hybrid,16.00095238095238,20266,189512.562661,2025-06-26,2025-11-16,ACTIVE,Eric Carr,2025-11-21,2026-04-08,2018-06-17,98747.22680102332,26761.970781384523,2024-07-27 19:51:34.150347,2025-03-14 21:38:10.581513,2025-09-20 17:57:45.364971
VH0079,VH0079,Medium Truck,MAN,Model 132,2015,27853.169079999996,446.1659198,Electric,10.991308411214954,30671,191353.684934,2025-07-11,2025-12-13,ACTIVE,Brian Le,2026-06-29,2025-10-22,2021-07-21,56636.323756606806,60104.727093593036,2023-10-28 12:47:07.141442,2025-08-07 21:23:41.439782,2025-09-19 18:58:37.651155
VH0080,VH0080,Van,Isuzu,Model 644,2023,5727.60276,91.7475906,Petrol,10.889537037037035,49530,306773.348184,2025-06-24,2025-11-07,ACTIVE,Natalie Nguyen,2025-11-22,2026-09-01,2024-04-10,81399.98726100304,66150.33620516895,2023-02-16 18:57:18.539905,2025-07-05 19:43:41.071542,2025-09-20 12:52:32.750363
VH0081,VH0081,Small Truck,Iveco,Model 383,2016,14396.168599999999,230.60499099999998,Hybrid,14.981783439490446,11865,271796.995965,2025-08-21,2025-09-27,ACTIVE,Karen Walker,2026-07-02,2025-10-24,2020-09-22,103083.73011690377,28419.522670397495,2021-05-17 16:52:35.695256,2024-12-04 08:23:06.094006,2025-09-20 11:28:19.074083
VH0082,VH0082,Large Truck,Isuzu,Model 511,2023,48686.82807999999,779.8898347999999,Electric,29.038765432098767,42215,300884.615217,2025-07-09,2025-10-18,ACTIVE,Kelly Ortiz,2026-08-22,2025-11-12,2024-09-28,98583.89157723165,85534.20030472007,2024-04-19 20:02:15.814206,2025-07-10 05:00:55.731475,2025-09-19 23:51:54.570304
VH0083,VH0083,Small Truck,Scania,Model 568,2024,12511.218499999999,200.4109225,Petrol,11.147582938388625,18857,218207.47544100002,2025-09-14,2025-12-10,ACTIVE,John Lopez,2026-05-25,2025-09-22,2025-04-28,113105.6167366288,30862.73601278456,2025-03-18 00:33:37.469254,2025-06-19 20:26:18.310884,2025-09-20 10:54:45.259962
VH0084,VH0084,Small Truck,Volvo,Model 285,2017,10335.258559999998,165.55531359999998,Diesel,28.001666666666665,16810,227160.81018,2025-07-05,2025-12-05,ACTIVE,Jason Morgan,2025-12-01,2026-09-09,2020-08-10,117170.08775398064,69871.66511043499,2023-05-16 18:21:39.633848,2025-04-15 13:10:24.816342,2025-09-20 02:05:05.914006
VH0085,VH0085,Van,Volvo,Model 335,2020,6133.252839999999,98.2454954,Petrol,20.632807017543858,23788,84264.12131,2025-07-25,2025-10-15,ACTIVE,Isaiah Lee,2025-09-22,2026-01-30,2022-07-26,147030.72679239578,80704.92065822304,2022-12-09 18:43:04.026905,2024-09-27 16:19:52.226536,2025-09-20 07:49:44.722388
VH0086,VH0086,Medium Truck,MAN,Model 226,2015,20114.952879999997,322.2113228,Hybrid,28.001666666666665,36836,273428.09484,2025-09-17,2025-12-07,MAINTENANCE,Sandra Roberts,2026-01-18,2026-02-10,2019-03-26,125369.66607386745,39151.26649596111,2025-05-12 05:25:19.991225,2025-07-27 10:51:09.239017,2025-09-20 10:29:20.737441
VH0087,VH0087,Small Truck,Scania,Model 934,2018,13485.660539999999,216.0200199,Diesel,24.501458333333336,11579,88111.029171,2025-08-26,2025-10-29,ACTIVE,Ian Reynolds,2026-05-18,2026-08-31,2019-05-01,58375.129660400096,59929.33934170999,2021-09-19 00:42:05.224379,2025-03-12 15:08:34.424251,2025-09-20 08:08:20.700063
VH0088,VH0088,Small Truck,Ford,Model 719,2016,15445.56772,247.41478819999998,Electric,11.362995169082126,18140,134300.642456,2025-09-02,2025-10-15,ACTIVE,Javier Garcia,2026-08-19,2025-10-12,2025-08-26,27707.88568589995,84133.1514896886,2023-02-11 01:37:48.268057,2025-06-08 03:57:01.944583,2025-09-20 13:41:31.561265
VH0089,VH0089,Large Truck,Isuzu,Model 567,2019,51444.8077,824.0685245,Diesel,29.038765432098767,25422,292801.82124900003,2025-09-17,2025-10-28,ACTIVE,Mario Rivas,2025-12-18,2026-01-10,2024-07-21,77901.00171776734,12668.81479794167,2023-05-29 17:39:28.441029,2024-09-27 03:45:41.790807,2025-09-20 02:45:19.265239
VH0090,VH0090,Medium Truck,Iveco,Model 767,2016,25476.588719999996,408.0966732,Electric,19.765882352941176,16041,259508.141698,2025-07-04,2025-11-11,ACTIVE,Paula Sutton,2025-09-26,2025-10-15,2024-10-14,142714.96473426273,19403.084502770704,2022-12-31 23:09:45.177320,2024-10-05 03:21:49.724212,2025-09-20 04:22:07.452438
VH0091,VH0091,Medium Truck,Mercedes,Model 967,2020,18454.87402,295.6193537,Petrol,21.38309090909091,10748,34089.655802,2025-07-10,2025-11-01,ACTIVE,Michael White,2026-02-12,2026-01-06,2021-02-23,108337.40746317517,76840.05323117807,2025-06-22 18:22:59.926986,2024-12-06 03:25:29.499470,2025-09-20 01:26:05.184464
VH0092,VH0092,Van,Mercedes,Model 987,2024,5826.810659999999,93.3367521,Electric,16.448531468531467,14972,166225.441694,2025-09-18,2025-09-25,ACTIVE,Jessica Mcfarland,2025-10-16,2025-10-27,2025-08-02,122314.0079336851,77262.50168114656,2021-06-26 13:12:08.116143,2025-07-20 05:48:15.973008,2025-09-20 16:49:09.003469
VH0093,VH0093,Small Truck,Isuzu,Model 905,2017,13205.673799999999,211.53505299999998,Petrol,27.672235294117648,25820,97552.140145,2025-08-29,2025-09-27,ACTIVE,Cristina Rhodes,2025-11-08,2026-04-23,2025-05-26,72150.28358581406,96523.69959169801,2022-10-12 13:04:56.524267,2025-04-23 06:17:01.108750,2025-09-19 20:20:34.509773
VH0094,VH0094,Medium Truck,Isuzu,Model 439,2015,31781.801919999998,509.09671519999995,Diesel,10.182424242424242,39874,42217.188482,2025-09-12,2025-10-27,ACTIVE,Jennifer Rodriguez,2026-09-13,2026-04-12,2019-10-24,148463.21467380406,88705.42467525283,2024-08-05 13:53:51.831852,2024-11-01 18:38:28.058988,2025-09-20 12:27:08.403181
VH0095,VH0095,Semi-Trailer,Mercedes,Model 202,2023,61246.54822,981.0776807,Diesel,16.921870503597123,28580,103618.58521800001,2025-08-24,2025-11-26,ACTIVE,Jason Sandoval,2026-08-12,2026-06-02,2024-10-30,66388.476031785,83771.5288486702,2024-04-29 22:01:49.610843,2024-10-16 11:16:34.342228,2025-09-20 17:32:27.427104
VH0096,VH0096,Large Truck,Mercedes,Model 977,2023,48975.633299999994,784.5160605,Diesel,17.685263157894735,38741,184016.536166,2025-07-08,2025-10-24,ACTIVE,Jesse Sanchez,2026-06-14,2026-01-10,2023-12-29,87628.79500885334,77494.86845463281,2021-07-17 05:55:20.673266,2025-03-27 01:21:30.165224,2025-09-20 02:03:50.701560
VH0097,VH0097,Semi-Trailer,MAN,Model 866,2016,72373.26535999999,1159.3109716,Petrol,23.28851485148515,15409,198756.699028,2025-06-25,2025-12-03,ACTIVE,Jennifer Lambert,2025-09-25,2026-09-08,2021-09-14,47227.647338666684,79135.55339659777,2022-08-25 09:46:53.105873,2025-06-09 02:02:47.546276,2025-09-20 16:01:22.727998
VH0098,VH0098,Van,Scania,Model 207,2021,3478.89036,55.72659659999999,Petrol,19.933389830508474,38223,91215.39868700001,2025-07-19,2025-11-09,ACTIVE,Janet Charles,2025-12-22,2026-02-01,2025-01-21,95727.96859658159,47360.4087945645,2023-04-26 04:35:25.507263,2024-11-18 06:50:28.772478,2025-09-20 15:33:11.423450
VH0099,VH0099,Semi-Trailer,Scania,Model 373,2023,73784.22215999999,1181.9123796,Petrol,17.29514705882353,18417,153159.873677,2025-06-24,2025-09-20,ACTIVE,Aaron Smith,2026-05-15,2026-06-06,2024-08-23,79411.27223879953,36801.91119984283,2021-11-22 12:58:34.785646,2025-03-08 14:04:04.528769,2025-09-20 05:39:19.540495
VH0100,VH0100,Large Truck,Mercedes,Model 114,2015,40216.67804,644.2107573999999,Petrol,12.511382978723404,28213,303215.99920900003,2025-09-16,2025-12-04,ACTIVE,Michelle Klein,2026-06-01,2025-12-02,2018-05-06,49953.43179327571,33365.87300671631,2021-01-18 10:25:32.791342,2025-02-27 21:59:22.504414,2025-09-19 19:30:06.672227
VH0101,VH0101,Large Truck,Ford,Model 990,2020,39850.71112,638.3485172,Hybrid,14.981783439490446,25824,101057.293956,2025-08-19,2025-12-09,ACTIVE,Michael Holland,2026-08-31,2026-08-21,2023-01-30,129239.91120642517,88375.42203444893,2025-07-02 05:21:09.424391,2025-07-02 14:16:13.842690,2025-09-20 13:24:10.081394
VH0102,VH0102,Semi-Trailer,Mercedes,Model 361,2020,67296.02549999999,1077.9812175,Electric,10.839354838709678,28942,189837.539694,2025-08-05,2025-11-20,ACTIVE,Laurie Carson,2025-12-25,2025-10-27,2022-10-21,116739.03637104783,53657.543495763326,2024-05-19 10:01:37.300273,2024-12-23 13:10:52.800323,2025-09-20 12:41:33.300704
VH0103,VH0103,Semi-Trailer,Iveco,Model 474,2019,57395.077079999995,919.3828997999999,Hybrid,12.445185185185187,48197,208069.186205,2025-07-02,2025-10-14,ACTIVE,Gregory Bennett,2026-03-20,2026-08-24,2021-03-09,101157.61112609747,73321.64010820596,2021-10-31 08:39:06.513940,2025-07-26 21:04:17.511317,2025-09-19 23:34:58.532889
VH0104,VH0104,Semi-Trailer,Iveco,Model 455,2019,59676.858779999995,955.9336142999999,Electric,14.981783439490446,38933,211320.199277,2025-06-28,2025-11-26,ACTIVE,Brandon Hill,2026-05-16,2025-12-22,2025-09-07,70635.88623099605,12412.258352873929,2022-04-07 00:32:44.354559,2025-04-26 18:46:49.869923,2025-09-20 13:31:18.785623
VH0105,VH0105,Large Truck,Mercedes,Model 960,2023,40106.44704,642.4450224,Petrol,11.095,31953,95793.038844,2025-08-11,2025-12-07,ACTIVE,Sarah Pierce,2025-12-12,2026-09-05,2024-11-17,99594.04436101929,64463.46170223658,2023-02-19 21:36:18.480842,2025-06-24 23:58:15.384760,2025-09-20 06:17:32.645926
VH0106,VH0106,Semi-Trailer,Iveco,Model 645,2023,56810.852779999994,910.0245043,Electric,13.675232558139536,40609,257058.075845,2025-08-03,2025-11-21,ACTIVE,John Howard,2026-04-28,2025-11-27,2024-12-22,60598.9967976381,83199.1563721788,2022-09-06 02:24:00.025651,2025-06-03 22:18:56.219787,2025-09-20 08:31:21.070105
VH0107,VH0107,Small Truck,Iveco,Model 869,2024,10699.020859999999,171.3822391,Petrol,13.675232558139536,39651,229683.57644,2025-08-07,2025-11-10,MAINTENANCE,Allen Lowe,2026-06-10,2026-08-09,2024-11-01,94368.05459126669,33565.98283373665,2020-12-13 11:02:36.059600,2025-01-15 12:36:48.516908,2025-09-20 18:05:36.898089
VH0108,VH0108,Large Truck,Scania,Model 531,2019,47148.003319999996,755.2401742,Hybrid,14.700875,31890,75413.312786,2025-07-06,2025-09-25,ACTIVE,Cody Evans,2025-10-27,2025-09-24,2024-10-15,138678.51855421893,53338.18727529207,2025-08-06 13:54:12.880345,2025-02-28 06:59:14.759305,2025-09-20 17:59:51.261071
VH0109,VH0109,Medium Truck,Scania,Model 708,2018,30882.316959999996,494.68831759999995,Diesel,26.134888888888888,35304,164759.006134,2025-09-09,2025-10-02,ACTIVE,Joseph Lopez,2026-07-23,2026-04-03,2020-12-15,75132.12865451709,40998.78531644854,2024-11-04 22:08:46.959780,2025-07-25 14:54:17.125200,2025-09-20 04:03:03.257817
VH0110,VH0110,Small Truck,Ford,Model 529,2021,9493.093719999999,152.0650982,Hybrid,12.99524861878453,43549,112047.482833,2025-07-16,2025-10-27,ACTIVE,Rachel Rose,2026-07-23,2026-05-07,2022-05-16,111920.55145853796,75338.7217594278,2025-06-16 21:05:06.717816,2025-05-15 10:32:26.361623,2025-09-20 03:20:51.774851
VH0111,VH0111,Large Truck,Ford,Model 255,2016,54231.44738,868.7063052999999,Petrol,15.175096774193548,44709,250068.273466,2025-07-24,2025-10-16,ACTIVE,Mark Carter,2026-03-01,2026-06-25,2024-12-04,24270.663359174116,92901.1245567378,2023-06-01 03:33:46.189386,2025-01-04 19:48:57.436013,2025-09-20 10:50:01.925068
VH0112,VH0112,Semi-Trailer,Ford,Model 712,2016,82986.30604,1329.3159374,Hybrid,19.765882352941176,31361,173847.17838,2025-09-14,2025-11-05,ACTIVE,Joy Brown,2026-05-11,2026-07-30,2021-06-26,65806.52501512981,74942.65913502293,2025-06-20 10:23:34.249831,2024-09-25 01:05:40.238760,2025-09-20 00:22:34.387981
VH0113,VH0113,Van,Volvo,Model 141,2020,6155.29904,98.59864239999999,Hybrid,10.595225225225226,32435,114288.76803,2025-07-08,2025-09-28,ACTIVE,Stephen Day,2026-04-11,2026-03-23,2024-07-20,140701.83820546992,96658.12016649367,2024-04-14 08:38:59.439862,2025-04-22 12:40:15.995950,2025-09-20 14:24:44.749811
VH0114,VH0114,Large Truck,Scania,Model 205,2019,41182.3016,659.678596,Diesel,9.40856,33947,227615.032381,2025-08-09,2025-12-07,ACTIVE,Anthony Morales,2026-07-11,2026-02-17,2024-03-26,41801.70267390917,62619.60281219357,2023-02-17 02:18:03.932195,2024-11-15 14:42:08.579883,2025-09-19 22:24:42.932708
VH0115,VH0115,Large Truck,Isuzu,Model 753,2021,48298.814959999996,773.6744475999999,Diesel,10.361850220264317,32655,122352.299497,2025-08-22,2025-10-17,ACTIVE,Tracy Luna,2026-07-22,2025-12-09,2025-01-09,147114.51162860182,73054.82790598113,2023-11-13 13:31:15.646712,2024-09-28 15:23:33.043206,2025-09-20 11:00:24.866591
VH0116,VH0116,Medium Truck,Iveco,Model 357,2021,29680.799059999998,475.44180609999995,Electric,25.022765957446808,44221,64014.261791,2025-08-22,2025-09-28,ACTIVE,Joe Hampton,2026-03-17,2025-09-22,2024-06-17,99232.34331427551,81183.90815976326,2023-08-29 00:13:08.660602,2025-01-24 06:34:14.230738,2025-09-20 04:35:38.041124
VH0117,VH0117,Large Truck,Iveco,Model 946,2019,36823.76786,589.8614341,Hybrid,13.4408,14299,303878.380695,2025-09-04,2025-09-21,ACTIVE,Richard Sampson,2026-07-18,2026-05-18,2023-03-14,26551.30497340542,49379.03193551639,2025-02-28 16:21:04.559745,2024-11-16 00:39:25.470655,2025-09-20 14:40:08.982965
VH0118,VH0118,Van,Scania,Model 958,2024,2689.6364,43.083934,Diesel,13.214269662921348,33957,69338.168519,2025-07-25,2025-11-02,ACTIVE,Benjamin Hunter,2026-03-14,2026-06-30,2025-03-27,56911.41806385131,52621.38546474399,2024-04-09 03:40:57.411772,2025-02-18 19:45:38.870227,2025-09-19 23:23:19.516970
VH0119,VH0119,Semi-Trailer,MAN,Model 835,2021,84562.60934,1354.5659478999999,Diesel,16.921870503597123,19845,287825.26091,2025-09-11,2025-09-29,ACTIVE,Johnny Carey,2026-01-09,2025-11-13,2023-01-30,29529.254350994783,90712.70957909219,2022-10-06 21:14:01.613787,2025-01-25 12:28:09.092754,2025-09-20 11:19:10.631365
VH0120,VH0120,Large Truck,Mercedes,Model 680,2021,33995.240399999995,544.5526739999999,Petrol,28.001666666666665,26950,138236.40637,2025-07-11,2025-10-06,ACTIVE,Andrea Lane,2025-12-04,2025-11-14,2022-05-03,120695.62499920669,14399.904017567726,2024-06-04 20:22:27.992127,2025-03-17 23:08:11.637516,2025-09-19 20:04:01.799495
VH0121,VH0121,Medium Truck,Ford,Model 452,2020,32416.73248,519.2673487999999,Electric,9.561544715447154,21266,112089.11469,2025-08-16,2025-12-03,ACTIVE,Michael Jones,2026-08-24,2025-10-08,2025-03-15,141969.16365381808,96320.42178867848,2022-02-11 11:14:40.996804,2024-10-04 12:44:18.806600,2025-09-20 13:03:40.058660
VH0122,VH0122,Medium Truck,Scania,Model 889,2017,21417.883299999998,343.08231049999995,Electric,11.418155339805825,26192,276482.754676,2025-08-08,2025-11-08,ACTIVE,Michael Floyd,2026-01-03,2026-07-17,2021-12-03,97628.2858390806,77941.48137982226,2023-12-04 19:02:46.370538,2025-04-12 03:55:50.067207,2025-09-19 23:14:06.640031
VH0123,VH0123,Medium Truck,Scania,Model 857,2020,28768.086379999997,460.8215203,Petrol,17.553283582089552,20608,130702.282995,2025-07-02,2025-10-31,ACTIVE,Kathryn Cisneros,2026-05-15,2026-05-12,2024-07-01,140166.99063608254,95176.938240227,2025-04-30 08:28:21.040876,2025-08-01 03:02:34.353080,2025-09-20 08:34:14.927088
VH0124,VH0124,Large Truck,Mercedes,Model 371,2017,46892.2674,751.1436689999999,Hybrid,16.801,20505,293611.467662,2025-09-03,2025-12-12,ACTIVE,Ryan Coleman,2026-06-13,2026-02-14,2018-05-01,136645.37689505122,56187.11995062232,2021-06-08 19:37:14.135506,2025-01-21 17:52:09.144989,2025-09-20 08:47:09.577218
VH0125,VH0125,Van,Scania,Model 417,2016,3060.0125599999997,49.016803599999996,Electric,11.254258373205742,37909,206419.4462,2025-07-20,2025-10-22,ACTIVE,Dana Lewis,2026-01-25,2026-08-26,2021-01-12,100509.71901310707,25081.03552628507,2022-06-09 23:36:32.714483,2025-03-01 10:10:14.244800,2025-09-20 01:01:13.878499
VH0126,VH0126,Semi-Trailer,Volvo,Model 249,2021,85896.40444,1375.9313413999998,Electric,13.755204678362572,10707,160322.417194,2025-09-10,2025-11-12,ACTIVE,Scott Davis,2026-06-30,2026-08-10,2024-12-26,117627.04025189219,59044.588268253494,2025-04-29 01:26:57.355504,2024-12-26 12:41:01.097528,2025-09-20 14:05:21.299797
VH0127,VH0127,Medium Truck,Isuzu,Model 431,2024,27932.535399999997,447.43724899999995,Petrol,15.175096774193548,15796,44350.976496,2025-07-22,2025-11-22,ACTIVE,Glen Carlson,2026-03-26,2026-06-02,2025-06-25,40637.954390670486,54226.11332290275,2021-04-06 20:54:27.600533,2025-01-04 11:53:33.397183,2025-09-20 11:01:47.099248
VH0128,VH0128,Small Truck,Mercedes,Model 550,2018,11042.941579999999,176.8913323,Petrol,22.401333333333334,27740,127756.984455,2025-09-03,2025-10-10,ACTIVE,Jessica Ellis,2025-12-08,2026-06-05,2018-12-02,46150.1657720396,88610.27074486703,2021-05-14 03:51:42.790966,2024-10-17 19:57:34.213578,2025-09-19 18:59:54.493263
VH0129,VH0129,Large Truck,Scania,Model 296,2023,52979.22321999999,848.6475556999999,Hybrid,21.001250000000002,33024,200006.89748,2025-07-04,2025-10-10,ACTIVE,Joshua Clayton,2025-10-04,2026-07-31,2025-06-07,37140.701976655684,28642.03194741364,2024-02-09 17:11:37.365246,2025-09-15 03:34:57.658438,2025-09-20 09:34:13.534483
VH0130,VH0130,Medium Truck,Iveco,Model 369,2020,32145.564219999997,514.9236407,Hybrid,16.448531468531467,38135,107530.115663,2025-07-03,2025-09-27,ACTIVE,Nathaniel Clarke,2025-10-15,2026-02-01,2021-05-06,128175.93355194728,60928.41131373413,2021-01-31 17:19:33.618240,2025-04-01 01:06:50.532636,2025-09-20 00:37:41.780541
VH0131,VH0131,Small Truck,Mercedes,Model 198,2023,17068.168039999997,273.4064074,Hybrid,13.755204678362572,24921,65212.265079000004,2025-08-31,2025-09-26,ACTIVE,Brian Torres,2025-10-16,2026-04-15,2025-02-05,72545.5319622889,65112.63688932737,2024-01-09 12:48:00.569132,2025-04-07 22:03:35.731285,2025-09-20 08:35:08.840688
VH0132,VH0132,Semi-Trailer,Volvo,Model 688,2018,71921.31826,1152.0714581,Diesel,14.886962025316455,44769,173716.69047,2025-08-29,2025-09-23,ACTIVE,Cody Buchanan,2026-06-24,2026-02-14,2024-02-21,45790.91408000945,26401.036798693833,2021-02-20 21:28:12.070834,2024-11-06 22:56:09.062957,2025-09-20 02:19:52.354928
VH0133,VH0133,Semi-Trailer,Ford,Model 158,2022,75305.40995999999,1206.2795225999998,Electric,14.609565217391303,27102,261167.823639,2025-09-01,2025-11-05,ACTIVE,Andrew Long,2026-05-27,2026-04-05,2023-01-16,68620.24757659344,49975.098107715115,2021-07-26 21:43:51.131981,2025-04-06 03:05:59.199946,2025-09-20 14:10:48.715042
VH0134,VH0134,Semi-Trailer,Ford,Model 128,2019,87496.95856,1401.5698135999999,Hybrid,15.37346405228758,49485,280081.114137,2025-07-02,2025-10-12,ACTIVE,Amy Jefferson,2025-12-01,2026-03-13,2020-01-27,142698.03707919506,76022.29519472514,2024-10-11 16:14:03.561907,2024-11-25 15:36:44.826051,2025-09-20 08:36:48.278790
VH0135,VH0135,Semi-Trailer,Mercedes,Model 683,2019,67053.51729999999,1074.0966005,Hybrid,22.401333333333334,13954,206861.862352,2025-08-21,2025-11-26,ACTIVE,Benjamin Simmons,2026-06-17,2025-10-01,2020-02-12,126908.83621409198,51281.99847463974,2023-04-29 07:43:55.921128,2024-12-19 04:09:55.549856,2025-09-19 20:44:16.815289
VH0136,VH0136,Van,Isuzu,Model 893,2020,4856.777859999999,77.79828409999999,Diesel,12.783369565217392,39495,203656.209363,2025-09-12,2025-10-08,ACTIVE,Anita Newton,2026-02-12,2026-08-03,2024-08-18,101775.22601111126,47131.77480710973,2022-06-08 08:11:16.988052,2025-05-20 00:08:09.654298,2025-09-20 12:43:41.572008
VH0137,VH0137,Small Truck,Ford,Model 606,2017,7145.173419999999,114.45494269999999,Diesel,17.29514705882353,38638,61743.772157,2025-07-08,2025-10-21,ACTIVE,Diana Stone,2025-10-20,2025-11-08,2024-12-05,82920.53510457443,29521.745904835356,2024-12-29 14:46:43.726997,2025-01-23 22:35:34.072568,2025-09-20 12:17:28.597901
VH0138,VH0138,Large Truck,Mercedes,Model 967,2021,50203.60664,804.1863483999999,Electric,21.190450450450452,46854,132448.956876,2025-09-06,2025-12-13,ACTIVE,Jason Scott,2026-02-09,2025-11-03,2022-01-30,67279.49444497707,21802.753588066196,2025-07-05 06:10:25.085710,2025-02-10 20:42:02.753637,2025-09-20 00:29:08.020653
VH0139,VH0139,Small Truck,Mercedes,Model 332,2019,13862.650559999998,222.05883359999999,Electric,9.484435483870968,49412,237287.914738,2025-07-23,2025-10-04,ACTIVE,Laura Miller,2026-03-14,2026-03-08,2025-05-30,144784.34864094178,69912.9593849586,2022-06-06 20:56:57.662137,2025-03-07 11:45:00.257081,2025-09-19 23:17:56.462612
VH0140,VH0140,Semi-Trailer,Isuzu,Model 799,2015,75237.06674,1205.1847668999999,Electric,24.501458333333336,41966,31631.512126,2025-08-26,2025-10-11,MAINTENANCE,Susan Patterson,2026-09-18,2025-12-16,2020-09-21,100833.28592604664,55480.283695231934,2024-08-12 22:56:25.758506,2024-12-19 03:31:56.278776,2025-09-20 14:23:53.625159
VH0141,VH0141,Van,Volvo,Model 979,2024,4746.5468599999995,76.0325491,Diesel,9.719586776859504,16087,92471.189478,2025-06-30,2025-11-11,ACTIVE,Charles Stone,2025-09-28,2026-01-31,2025-04-15,144215.2780969651,33436.119672129775,2024-09-26 17:04:09.855628,2025-06-27 05:41:07.490375,2025-09-20 02:12:19.978811
VH0142,VH0142,Van,Volvo,Model 687,2017,4911.893359999999,78.68115159999999,Petrol,10.13853448275862,20391,261187.08614,2025-07-11,2025-10-07,ACTIVE,Mary Lawson,2025-09-28,2025-10-04,2017-10-30,65538.33272905025,93312.6785065799,2021-12-23 00:30:45.397731,2025-09-17 06:21:56.830736,2025-09-20 13:45:20.999685
VH0143,VH0143,Large Truck,Scania,Model 912,2015,34469.2337,552.1453345,Diesel,10.839354838709678,11914,132601.814142,2025-09-11,2025-11-07,ACTIVE,Kayla Mueller,2025-10-11,2026-05-21,2018-07-15,87555.23883067645,63793.111035263944,2022-04-02 07:17:28.715127,2025-02-07 13:16:29.371674,2025-09-20 06:44:12.082373
VH0144,VH0144,Small Truck,Mercedes,Model 717,2016,15599.891119999998,249.8868172,Petrol,9.40856,34559,140984.730303,2025-06-30,2025-10-09,ACTIVE,Christy Evans,2025-12-17,2026-07-02,2025-06-25,39101.36794435348,60289.33657201818,2023-06-07 03:31:38.017076,2024-10-27 02:33:08.631746,2025-09-20 02:16:50.745195
VH0145,VH0145,Large Truck,Isuzu,Model 446,2016,53096.06808,850.5192347999999,Petrol,16.564366197183098,38060,109076.086711,2025-08-24,2025-10-22,ACTIVE,Ronald Mcmillan,2026-06-10,2026-04-09,2021-04-03,111524.4938803565,76815.15958490061,2021-06-18 06:38:44.484165,2025-03-14 09:50:45.967041,2025-09-20 00:26:39.427516
VH0146,VH0146,Van,Iveco,Model 775,2022,5864.289199999999,93.937102,Diesel,10.500625000000001,20521,60698.626135,2025-07-31,2025-12-15,ACTIVE,Terry Medina,2026-02-03,2026-03-27,2024-06-26,58534.700662653115,37314.636335014475,2021-01-09 20:08:25.629024,2025-04-27 22:03:59.762145,2025-09-20 10:24:19.399814
VH0147,VH0147,Semi-Trailer,Iveco,Model 659,2023,69352.93595999999,1110.9298325999998,Petrol,18.37609375,41900,75203.289388,2025-07-23,2025-10-24,ACTIVE,Jasmine Cooper,2026-08-13,2025-11-19,2024-01-30,80716.37908454913,35993.65201538958,2023-05-11 08:59:10.338385,2025-04-14 11:56:00.993117,2025-09-20 02:23:02.333774
VH0148,VH0148,Large Truck,MAN,Model 124,2021,36043.33238,577.3600303,Hybrid,24.00142857142857,48550,213911.937718,2025-07-12,2025-09-30,ACTIVE,Jacqueline Wallace,2026-07-04,2025-12-13,2022-07-30,145912.7327889628,44943.556101762384,2024-05-10 01:49:55.506651,2025-01-01 16:49:37.213023,2025-09-20 03:20:35.381576
VH0149,VH0149,Medium Truck,Iveco,Model 142,2015,27163.12302,435.1124187,Petrol,9.759917012448133,38360,131121.087049,2025-07-03,2025-09-29,ACTIVE,Jim Johnson,2025-10-31,2026-07-27,2025-07-25,132010.25367902283,25771.070558576735,2025-06-15 20:59:27.721466,2025-06-25 06:50:51.026139,2025-09-19 20:38:10.904548
VH0150,VH0150,Medium Truck,Isuzu,Model 148,2015,27284.377119999997,437.05472719999995,Electric,16.221655172413794,27471,145665.518046,2025-08-29,2025-11-22,ACTIVE,Sharon Morse,2025-12-15,2026-05-03,2017-01-28,128511.57582656287,89344.96236580292,2023-09-28 21:14:01.787545,2025-04-03 16:33:58.842208,2025-09-20 17:24:11.952912
VH0151,VH0151,Semi-Trailer,Mercedes,Model 620,2023,85788.37805999999,1374.2009211,Electric,12.000714285714285,12765,45637.214466,2025-06-25,2025-10-19,ACTIVE,Mr. Kyle Phillips,2026-09-16,2025-09-23,2024-10-31,59871.08417803332,29212.309902797788,2024-07-20 03:11:19.037171,2024-10-22 02:47:55.791289,2025-09-20 08:11:31.692942
VH0152,VH0152,Medium Truck,Mercedes,Model 607,2016,30531.782379999997,489.07328029999996,Petrol,13.288926553672317,31414,230775.325287,2025-07-17,2025-11-13,ACTIVE,Cynthia Best,2026-05-19,2026-06-14,2017-10-04,124299.11839636655,52626.88947916122,2021-05-10 09:59:51.088910,2024-10-09 21:06:28.999580,2025-09-20 13:02:00.167746
VH0153,VH0153,Medium Truck,Ford,Model 933,2015,21977.85678,352.0522443,Electric,9.522834008097167,49956,158094.180788,2025-09-17,2025-10-29,ACTIVE,Sabrina Cooper,2026-03-13,2025-10-15,2018-11-02,22773.6464835989,40609.35950567053,2020-11-24 16:55:31.439433,2025-02-12 09:58:37.796832,2025-09-20 02:50:11.918370
VH0154,VH0154,Small Truck,Scania,Model 784,2024,11058.373919999998,177.13853519999998,Electric,10.226695652173913,20943,168820.28699,2025-07-18,2025-12-05,ACTIVE,Joshua Weber,2026-06-22,2026-04-17,2025-04-09,65761.629196569,44131.05060894972,2021-01-24 22:40:11.064807,2024-10-29 20:31:18.957397,2025-09-20 08:50:52.183449
VH0155,VH0155,Medium Truck,Isuzu,Model 525,2021,30101.881479999996,482.18691379999996,Hybrid,16.334305555555556,14695,305579.694493,2025-06-28,2025-12-04,ACTIVE,James Gay,2026-07-23,2026-05-31,2022-06-22,32041.626579703723,58400.255030782704,2021-09-08 13:24:31.762743,2025-01-13 15:08:28.166624,2025-09-20 11:53:51.209608
VH0156,VH0156,Large Truck,Mercedes,Model 778,2015,49290.893959999994,789.5660625999999,Petrol,25.566739130434783,38037,68330.926128,2025-08-22,2025-10-06,ACTIVE,Susan Carter,2026-09-12,2026-08-16,2020-06-22,124149.15324254116,82462.65883034474,2024-03-09 12:27:37.982010,2025-04-26 07:04:42.353735,2025-09-20 15:49:04.359059
VH0157,VH0157,Medium Truck,Volvo,Model 797,2017,31001.366439999998,496.59531139999996,Hybrid,18.37609375,43169,124383.561296,2025-08-05,2025-09-29,ACTIVE,Dr. Tamara Bell,2026-01-27,2026-04-09,2025-09-16,79771.00252281658,71746.79574950415,2021-02-04 07:43:25.141738,2025-06-16 21:28:06.249907,2025-09-20 12:15:10.051466
VH0158,VH0158,Small Truck,Iveco,Model 609,2016,16631.65328,266.4140968,Petrol,23.060196078431375,23994,42696.886894,2025-08-20,2025-09-27,ACTIVE,Mark Rhodes,2026-08-21,2025-12-12,2020-08-29,107248.98158764793,35448.67712704201,2023-09-07 01:24:17.901260,2025-06-27 13:37:33.433335,2025-09-20 15:43:53.013746
VH0159,VH0159,Small Truck,Mercedes,Model 546,2016,7830.810239999999,125.4378144,Electric,15.273636363636363,25162,77575.683866,2025-07-28,2025-11-12,ACTIVE,Stephanie White,2026-05-06,2026-05-07,2018-01-03,98372.43078595218,59474.08231617409,2024-06-24 17:37:44.258793,2024-09-30 17:58:53.528673,2025-09-20 06:51:18.152851
VH0160,VH0160,Small Truck,Isuzu,Model 682,2018,12354.69048,197.9035788,Diesel,9.759917012448133,17358,142271.589644,2025-09-13,2025-12-17,ACTIVE,David Figueroa Jr.,2025-12-14,2025-12-03,2019-06-07,52175.99389884205,35432.29797743161,2023-10-29 16:09:48.799750,2025-07-03 04:47:51.394947,2025-09-19 21:17:52.698310
VH0161,VH0161,Van,Mercedes,Model 398,2021,3919.81436,62.7895366,Diesel,19.933389830508474,14277,235400.18964,2025-09-17,2025-10-20,ACTIVE,Lisa Young,2026-07-13,2026-06-06,2021-12-23,81055.19338247098,59989.79910089402,2024-08-30 06:14:34.294466,2024-11-04 23:43:02.528259,2025-09-19 20:00:23.425736
VH0162,VH0162,Van,Scania,Model 394,2018,4920.71184,78.8224104,Petrol,22.616730769230767,40101,134519.986419,2025-09-19,2025-10-01,ACTIVE,Stephen Cole,2025-11-20,2026-02-07,2022-11-19,138304.36776192172,44283.59668895767,2024-07-12 16:57:11.646851,2024-09-22 06:28:21.056090,2025-09-19 22:31:32.979345
VH0163,VH0163,Semi-Trailer,Volvo,Model 479,2017,81268.90706,1301.8057861,Diesel,22.616730769230767,31226,64881.695707,2025-08-26,2025-10-15,MAINTENANCE,Jerry Foster,2026-08-10,2025-11-12,2024-06-03,116217.90315465127,38900.98411372509,2024-04-23 20:38:57.596868,2024-12-25 13:06:05.931889,2025-09-20 03:59:20.749883
VH0164,VH0164,Large Truck,Iveco,Model 329,2024,37390.3552,598.9373119999999,Diesel,13.364431818181817,27496,55151.025847,2025-08-13,2025-10-14,ACTIVE,Tammie Wright,2025-12-17,2025-12-27,2025-06-07,70813.18936408198,14172.036623160287,2023-06-09 22:29:38.038296,2025-02-24 05:31:11.179163,2025-09-20 13:50:27.513079
VH0165,VH0165,Large Truck,MAN,Model 866,2019,47037.77232,753.4744391999999,Petrol,12.000714285714285,34980,230642.351893,2025-08-18,2025-10-26,ACTIVE,Alicia Miller,2025-12-18,2026-01-02,2024-06-15,117436.27969484958,51481.27749395673,2022-02-18 19:27:11.608549,2025-03-10 07:13:57.609222,2025-09-19 22:04:48.398588
VH0166,VH0166,Small Truck,Volvo,Model 329,2022,16300.96028,261.11689179999996,Petrol,18.233643410852714,28346,269204.636153,2025-08-15,2025-10-26,ACTIVE,Kathleen Archer,2026-05-19,2026-06-28,2024-02-23,27050.023253321877,32846.27669148905,2022-02-20 01:57:07.929111,2025-08-01 06:15:52.155140,2025-09-20 11:13:35.899158
VH0167,VH0167,Medium Truck,Iveco,Model 407,2015,25432.49632,407.3903792,Petrol,27.03609195402299,24274,164757.763392,2025-07-17,2025-11-28,ACTIVE,Denise Meyer,2025-11-04,2026-09-04,2020-07-24,25517.245910667887,31488.104335026965,2023-04-23 00:12:53.959197,2025-02-25 22:36:16.566038,2025-09-19 19:46:37.972651
VH0168,VH0168,Medium Truck,MAN,Model 527,2018,24965.116879999998,399.90366279999995,Hybrid,11.473853658536585,13667,175678.358717,2025-07-14,2025-11-03,ACTIVE,Jeremiah Watkins,2026-02-25,2026-01-19,2019-06-23,137948.215388924,20482.51729711057,2022-06-26 10:42:53.106407,2024-10-12 05:36:59.706834,2025-09-20 05:47:46.054961
VH0169,VH0169,Small Truck,Mercedes,Model 322,2023,10330.84932,165.48468419999998,Petrol,13.288926553672317,41892,268659.693786,2025-07-04,2025-09-28,ACTIVE,Jodi Lopez,2026-08-02,2026-02-17,2024-12-22,92142.83306576524,22540.388876819154,2025-01-11 06:24:11.823368,2025-08-29 18:00:43.710797,2025-09-20 02:53:37.536377
VH0170,VH0170,Large Truck,Mercedes,Model 502,2020,44154.12936,707.2828116,Petrol,14.700875,22191,207909.493858,2025-06-28,2025-11-20,ACTIVE,Michael Solis,2025-11-20,2026-01-31,2020-12-24,109263.824362161,70586.53794922402,2025-02-21 15:31:08.121192,2024-12-17 17:21:33.112676,2025-09-19 19:36:16.435969
VH0171,VH0171,Semi-Trailer,Mercedes,Model 322,2021,56951.94845999999,912.2846450999999,Electric,13.518045977011495,26257,82124.119586,2025-07-26,2025-11-20,ACTIVE,Kevin Scott,2026-07-22,2026-03-18,2025-08-10,23768.897509012542,12380.404299571475,2021-05-25 22:53:05.289790,2025-07-30 11:42:12.595301,2025-09-19 23:40:47.853703
VH0172,VH0172,Van,Scania,Model 783,2018,3946.2697999999996,63.21331299999999,Petrol,18.66777777777778,32830,274089.23358400003,2025-08-16,2025-09-28,ACTIVE,Henry Edwards,2025-11-27,2026-03-03,2019-10-15,78201.73111806958,85693.52394120595,2021-01-09 10:40:10.707957,2025-04-11 18:01:53.215204,2025-09-20 12:24:36.049874
VH0173,VH0173,Small Truck,Volvo,Model 579,2017,14041.224779999999,224.91932429999997,Petrol,10.316403508771929,16194,73600.152208,2025-08-28,2025-11-28,ACTIVE,Lydia Harris,2025-11-05,2026-07-16,2018-05-01,127757.31965361988,28522.5783907663,2020-10-10 08:11:07.812110,2025-07-09 17:16:35.401322,2025-09-20 10:10:16.745552
VH0174,VH0174,Semi-Trailer,Isuzu,Model 905,2015,79538.28035999999,1274.0837465999998,Diesel,24.75936842105263,45795,33892.059824,2025-07-10,2025-11-18,ACTIVE,William Potts,2026-08-10,2026-08-11,2023-08-24,44267.373752485044,80502.54072418154,2023-02-18 12:26:13.589263,2024-10-11 07:42:47.469532,2025-09-20 15:11:41.307155
VH0175,VH0175,Medium Truck,Mercedes,Model 318,2018,31065.300419999996,497.6194377,Electric,10.547713004484304,11728,149306.130735,2025-07-15,2025-10-20,ACTIVE,Curtis Wilson,2026-04-30,2026-01-21,2022-02-24,138537.7553766788,18135.714704241076,2024-05-10 21:43:06.292566,2024-11-25 22:05:50.513312,2025-09-20 05:54:07.755920
VH0176,VH0176,Medium Truck,Volvo,Model 203,2017,22868.523259999998,366.3193831,Petrol,10.095021459227468,31206,80591.8187,2025-08-10,2025-12-14,ACTIVE,William Bryant,2026-08-30,2026-01-23,2024-08-05,45881.97936300673,12461.760048874992,2021-02-03 07:12:24.844973,2024-10-07 09:30:35.678705,2025-09-20 10:20:05.698406
VH0177,VH0177,Semi-Trailer,MAN,Model 816,2023,77823.086,1246.60891,Electric,11.93979695431472,22808,112314.050992,2025-07-30,2025-12-11,ACTIVE,Erik Rice,2026-03-03,2025-10-20,2023-10-13,58388.362956373625,38968.78046555394,2023-09-22 01:31:38.754494,2024-10-29 20:13:39.551460,2025-09-20 02:07:33.846802
VH0178,VH0178,Van,MAN,Model 584,2017,6177.34524,98.9517894,Hybrid,14.609565217391303,37133,280984.587571,2025-07-20,2025-10-23,ACTIVE,Julie Harris,2026-05-10,2026-03-14,2020-10-14,131965.2330712526,97053.49103616561,2023-02-11 15:26:20.921700,2024-12-31 09:21:37.793237,2025-09-20 13:59:09.141477
VH0179,VH0179,Semi-Trailer,MAN,Model 120,2024,61683.062979999995,988.0699913,Hybrid,9.759917012448133,15395,215713.292247,2025-06-24,2025-11-09,ACTIVE,Jessica Jones,2026-03-08,2026-03-07,2025-03-06,80890.96673521437,70718.86570509699,2022-03-06 20:19:17.956087,2025-06-10 22:36:34.608281,2025-09-19 20:51:18.079445
VH0180,VH0180,Small Truck,Ford,Model 503,2017,12032.815959999998,192.74763259999997,Petrol,23.7589898989899,28244,288747.375474,2025-07-19,2025-11-22,ACTIVE,Dwayne Arnold,2025-11-06,2026-09-02,2024-08-07,95651.02049442493,69049.62019536184,2021-11-17 16:03:11.279311,2025-04-28 07:35:15.590623,2025-09-20 01:03:13.367543
VH0181,VH0181,Van,Iveco,Model 606,2020,4925.12108,78.8930398,Diesel,12.645913978494622,49102,223382.253129,2025-07-04,2025-11-23,ACTIVE,Kevin Hill,2026-04-28,2026-04-08,2023-03-05,29182.51881334495,30172.39198240379,2025-09-17 00:46:05.559335,2024-11-02 06:42:28.863626,2025-09-19 22:15:47.764989
VH0182,VH0182,Medium Truck,MAN,Model 426,2023,18060.24704,289.2980224,Petrol,26.428539325842696,19377,108865.441942,2025-07-01,2025-11-19,ACTIVE,Michael Stephens,2026-06-18,2026-03-05,2024-09-10,104603.41415160944,46912.833319792895,2021-04-03 15:58:30.077629,2025-02-07 00:10:20.819750,2025-09-20 01:31:36.321088
VH0183,VH0183,Medium Truck,Isuzu,Model 440,2022,29544.112619999996,473.2522947,Diesel,23.060196078431375,36807,234408.481524,2025-08-22,2025-11-10,ACTIVE,Edward Reid,2025-09-25,2026-04-25,2024-09-12,27240.66131889161,59654.25111991451,2025-02-20 23:23:37.813987,2025-01-26 00:34:00.780445,2025-09-19 23:51:05.853079
VH0184,VH0184,Large Truck,Isuzu,Model 811,2021,47097.29706,754.4279360999999,Electric,11.87949494949495,16820,140410.583499,2025-09-06,2025-11-04,ACTIVE,Julie Ramirez,2026-06-08,2025-11-26,2023-08-16,77515.62993991544,40110.087517238266,2023-12-09 00:32:18.758976,2024-09-28 20:03:18.569727,2025-09-20 18:23:24.011448
VH0185,VH0185,Medium Truck,Ford,Model 367,2017,23889.262319999998,382.67008919999995,Petrol,14.430306748466258,49465,117944.293623,2025-08-05,2025-12-16,ACTIVE,Jessica Wolf,2026-01-18,2025-10-05,2020-11-06,63292.87570769392,74600.46191599997,2021-11-22 22:18:02.725441,2025-09-09 06:33:43.928301,2025-09-19 23:13:25.094042
VH0186,VH0186,Medium Truck,Isuzu,Model 930,2023,19685.051979999997,315.3249563,Petrol,10.839354838709678,15269,65942.376004,2025-07-23,2025-12-17,ACTIVE,Sara Spencer,2026-07-26,2026-01-26,2024-12-13,62979.46346592081,90346.92118679754,2025-01-27 14:46:27.823251,2025-09-06 22:18:25.599120,2025-09-20 02:58:09.412604
VH0187,VH0187,Small Truck,Isuzu,Model 840,2016,7974.11054,127.7332699,Diesel,11.473853658536585,34163,142201.99609200002,2025-06-24,2025-09-24,ACTIVE,Lauren Paul,2025-10-15,2026-04-26,2019-08-08,90271.22305670998,33553.11872350474,2022-04-14 05:42:28.726829,2025-03-26 09:55:08.390187,2025-09-20 02:36:27.712895
VH0188,VH0188,Large Truck,Scania,Model 224,2020,36889.90646,590.9208751,Diesel,11.7607,19952,96067.684826,2025-07-23,2025-11-25,ACTIVE,Ann Oneal,2026-07-01,2026-08-23,2024-11-26,93081.50589989293,64659.29047075419,2021-08-19 07:07:20.282014,2025-04-28 11:17:39.867882,2025-09-20 07:21:26.825655
VH0189,VH0189,Van,Iveco,Model 802,2015,4157.91332,66.6035242,Petrol,20.27706896551724,30509,264643.773013,2025-09-10,2025-10-20,ACTIVE,Whitney Salazar,2026-04-15,2026-08-21,2015-12-27,62604.01788325453,99513.92318637251,2022-02-18 14:54:04.598650,2025-03-08 14:08:02.283558,2025-09-20 03:34:18.639231
VH0190,VH0190,Small Truck,Ford,Model 290,2022,17546.57058,281.0696973,Hybrid,18.233643410852714,36616,251345.812242,2025-07-23,2025-10-22,ACTIVE,John Esparza,2026-04-28,2026-02-04,2023-01-04,35708.05603857497,94268.07874479599,2025-09-01 12:01:18.398993,2024-11-30 00:14:02.537388,2025-09-20 16:47:14.606127
VH0191,VH0191,Van,Mercedes,Model 369,2017,6602.836899999999,105.76752649999999,Petrol,10.271353711790393,35323,218531.831103,2025-08-20,2025-10-12,ACTIVE,Holly Armstrong,2026-07-26,2026-03-03,2020-07-12,135834.67842007158,90284.20370509596,2025-06-24 13:31:46.034986,2025-03-29 19:14:37.895361,2025-09-20 02:38:46.634626
VH0192,VH0192,Small Truck,Mercedes,Model 504,2020,10725.476299999998,171.8060155,Electric,12.923846153846155,33267,196124.571472,2025-08-14,2025-12-10,ACTIVE,Lindsay Ferguson,2025-12-25,2026-01-13,2023-12-17,46869.22886696705,91562.90582708135,2023-01-03 07:49:47.488430,2025-05-12 16:55:22.991557,2025-09-20 05:28:30.715091
VH0193,VH0193,Small Truck,Ford,Model 799,2023,6739.52334,107.95703789999999,Electric,18.37609375,17098,83604.225308,2025-07-19,2025-10-20,ACTIVE,Erica Gray,2025-09-24,2026-02-13,2023-11-06,49849.60360504025,15355.371046123117,2025-07-22 01:53:51.039698,2025-05-23 21:02:43.809894,2025-09-20 09:04:52.685883
VH0194,VH0194,Semi-Trailer,Ford,Model 882,2021,58001.347579999994,929.0944423,Hybrid,28.684634146341466,15180,273534.34928100003,2025-07-21,2025-10-31,ACTIVE,Scott Miller,2026-07-01,2026-02-19,2021-10-18,74512.16979398769,45534.40471494316,2025-08-16 05:21:38.289263,2025-08-21 10:53:16.686418,2025-09-20 00:06:30.097551
VH0195,VH0195,Semi-Trailer,Volvo,Model 844,2016,75673.5815,1212.1770775,Electric,14.981783439490446,38433,272857.676262,2025-08-12,2025-12-10,ACTIVE,Joseph Everett,2026-04-17,2026-03-21,2024-06-27,118342.10911512456,80832.33121160947,2021-06-25 01:11:08.756819,2024-12-23 10:26:24.422377,2025-09-20 06:32:41.192252
VH0196,VH0196,Semi-Trailer,Scania,Model 274,2018,63354.164939999995,1014.8385338999999,Diesel,11.93979695431472,16177,164549.604107,2025-08-23,2025-11-11,ACTIVE,Brad Hester,2026-01-26,2026-08-30,2020-08-01,31533.324856363994,26606.84347881493,2024-03-02 20:51:55.547560,2025-02-10 07:41:36.902887,2025-09-19 22:51:48.527997
VH0197,VH0197,Large Truck,MAN,Model 256,2022,49842.04895999999,798.3947376,Petrol,11.473853658536585,41169,156676.212166,2025-07-25,2025-10-25,ACTIVE,Fred Wood,2026-03-09,2026-03-20,2025-09-04,132036.14903026941,67698.07588082034,2021-02-13 06:26:04.994282,2024-09-24 14:58:04.619474,2025-09-20 18:27:24.984999
VH0198,VH0198,Small Truck,Isuzu,Model 544,2021,13216.696899999999,211.7116265,Petrol,22.19,34081,90981.763191,2025-09-02,2025-09-29,ACTIVE,Samuel Byrd,2026-07-23,2026-05-26,2024-01-04,76088.80475364,22204.629273999853,2024-02-06 07:20:32.690932,2025-09-20 00:31:15.841743,2025-09-19 19:00:17.756689
VH0199,VH0199,Small Truck,MAN,Model 262,2015,15595.48188,249.8161878,Electric,10.643167420814478,14410,309221.549924,2025-07-22,2025-11-04,ACTIVE,Melissa Christensen,2026-04-15,2026-02-21,2022-06-21,134539.02091316547,66447.10917074486,2023-01-04 21:11:41.436634,2025-05-10 05:32:34.789408,2025-09-20 03:26:21.668959
VH0200,VH0200,Large Truck,MAN,Model 781,2021,38840.99516,622.1743845999999,Diesel,16.801,14307,65604.35018,2025-07-22,2025-11-14,ACTIVE,Matthew Kelly,2026-01-28,2026-06-01,2024-10-11,45880.12393925117,14262.585038492645,2020-11-25 08:52:04.451202,2024-09-25 15:34:33.975307,2025-09-19 19:53:30.729492
